predicted_probs,target
0.5529931,0
0.5529931,0
0.5529931,0
0.5529931,0
0.5529931,0
0.5529931,0
0.5529931,0
0.5529931,0
0.5529931,0
0.5529931,0
0.5529931,0
0.5529931,0
0.5529931,0
0.5529931,0
0.5529931,0
0.5529931,0
0.5529931,0
0.5529931,0
0.5529931,0
0.5529931,0
0.5529931,0
0.5529931,0
0.5529931,0
0.5529931,0
0.5529931,0
0.5529931,0
0.5529931,0
0.5529931,0
0.5529931,0
0.5529931,1
0.5529931,1
0.5529931,1
0.5529931,1
0.5529931,1
0.5529931,1
0.5529931,1
0.5529931,1
0.5529931,1
0.5529931,1
0.5529931,1
0.5529931,1
0.5529931,1
0.5529931,1
0.5529931,1
0.5529931,1
0.5529931,1
0.5529931,1
0.5529931,1
0.5529931,1
0.5529931,1
0.5529931,1
0.5529931,1
0.5529931,1
0.5529931,1
0.5529931,1
0.5529931,1
0.5529931,1
0.5529931,1
